No.,Class,Asal,Philosophy_Core,Variasi 1,Variasi 2,Variasi 3
1,Betawi,Jakarta / Betawi,"multicultural openness, communal harmony, joyful identity, cultural pride","Traditionally, the Betawi motif symbolizes multicultural openness, communal harmony, and joyful cultural identity.","In Betawi culture, the Betawi motif represents cross-cultural harmony, communal cheerfulness, and pride in a diverse urban identity.","The philosophical meaning of the Betawi motif reflects multicultural openness, communal harmony, and joyful identity."
2,Bokor Kencono,Jawa Tengah,"dignity, wisdom, authority, noble character","Traditionally, the Bokor Kencono motif symbolizes dignity, wisdom, and enduring authority.","In Javanese culture, the Bokor Kencono motif represents noble character, inner wisdom, and commanding dignity.","The philosophical meaning of the Bokor Kencono motif reflects dignity, wisdom, and the aspiration for lasting authority."
3,Buketan,Pekalongan,"joy, beauty, purity, feminine grace, cheerfulness","Traditionally, the Buketan motif symbolizes joy, beauty, purity, and feminine grace.","In Pekalongan culture, the Buketan motif represents feminine elegance, inner purity, and blossoming happiness.","The philosophical meaning of the Buketan motif reflects joy, natural beauty, purity, and graceful femininity."
4,Dayak,Kalimantan,"courage, harmony with nature, protection, ancestral strength","Traditionally, the Dayak motif symbolizes courage, harmony with nature, and protective ancestral strength.","In Dayak culture, the Dayak motif represents bravery, reverence for nature, and the leadership that shelters the community.","The philosophical meaning of the Dayak motif reflects courage, harmony with nature, and the protective strength of ancestral wisdom."
5,Jlamprang,Pekalongan,"cosmic balance, spiritual order, sacred connection, divine harmony","Traditionally, the Jlamprang motif symbolizes cosmic balance, spiritual order, and sacred connection with the divine.","In Pekalongan's spiritual tradition, the Jlamprang motif represents divine harmony, sacred order, and the link between humanity and the cosmos.","The philosophical meaning of the Jlamprang motif reflects cosmic balance, spiritual order, and sacred connection with the divine."
6,Kawung,Yogyakarta,"purity of heart, self-mastery, life cycle, moral balance","Traditionally, the Kawung motif symbolizes purity of heart, self-mastery, and the eternal cycle of human life.","In Javanese royal culture, the Kawung motif represents moral integrity, inner balance, and the wisdom of knowing one's origins.","The philosophical meaning of the Kawung motif reflects purity of heart, self-mastery, and moral balance in life."
7,Liong,Pekalongan,"divine power, protection, prosperity, celestial benevolence","Traditionally, the Liong motif symbolizes divine power, protection, and enduring prosperity.","In Sino-Javanese tradition, the Liong motif represents celestial strength, protection from misfortune, and the blessing of abundance.","The philosophical meaning of the Liong motif reflects divine power, protection, and the blessing of prosperity."
8,Mega Mendung,Cirebon,"patience, emotional calm, spiritual serenity, divine protection","Traditionally, the Mega Mendung motif symbolizes patience, emotional calm, and spiritual serenity.","In Cirebonese court culture, the Mega Mendung motif represents composure, inner peace, and the grace of divine protection.","The philosophical meaning of the Mega Mendung motif reflects patience, emotional calm, and spiritual serenity."
9,Parang,Solo / Mataram,"perseverance, courage, continuity, relentless self-improvement","Traditionally, the Parang motif symbolizes perseverance, courage, and continuity in life.","In Javanese culture, the Parang motif represents determination, resilience, and steadfast commitment.","The philosophical meaning of the Parang motif reflects inner strength, persistence, and lifelong growth."
10,Sekarjagad,Solo / Yogyakarta,"beauty of diversity, universal harmony, radiance, coexistence","Traditionally, the Sekarjagad motif symbolizes the beauty of diversity, universal harmony, and joyful coexistence.","In Javanese culture, the Sekarjagad motif represents the celebration of diversity, universal harmony, and the wish to radiate goodness.","The philosophical meaning of the Sekarjagad motif reflects the beauty of diversity, universal harmony, and radiant coexistence."
11,Sidoluhur,Jawa Tengah,"noble character, moral elevation, dignity, exemplary conduct","Traditionally, the Sidoluhur motif symbolizes noble character, moral elevation, and dignified exemplary conduct.","In Javanese tradition, the Sidoluhur motif represents the pursuit of virtue, dignified conduct, and the honour of righteous leadership.","The philosophical meaning of the Sidoluhur motif reflects noble character, moral elevation, and the aspiration for dignified conduct."
12,Sidomukti,Solo / Surakarta,"enduring happiness, fulfilment, prosperity, spiritual wholeness","Traditionally, the Sidomukti motif symbolizes enduring happiness, fulfilment, and spiritual wholeness.","In Surakarta court tradition, the Sidomukti motif represents prosperity, inner contentment, and the blessing of a flourishing life.","The philosophical meaning of the Sidomukti motif reflects enduring happiness, fulfilment, prosperity, and spiritual wholeness."
13,Sidomulyo,Mataram / Jawa Tengah,"glory, enduring honour, inner mastery, dignified life","Traditionally, the Sidomulyo motif symbolizes glory, enduring honour, and a life of inner mastery.","In Javanese Mataram tradition, the Sidomulyo motif represents continuous glory, dignified life, and the mastery of one's inner impulses.","The philosophical meaning of the Sidomulyo motif reflects glory, enduring honour, and the pursuit of a dignified life."
14,Singa Barong,Cirebon,"mythological power, elemental unity, visionary leadership, sacred authority","Traditionally, the Singa Barong motif symbolizes mythological power, elemental unity, and visionary leadership.","In Cirebonese court culture, the Singa Barong motif represents sacred authority, the harmony of natural forces, and complete sovereignty.","The philosophical meaning of the Singa Barong motif reflects mythological power, elemental unity, and visionary leadership."
15,Srikaton,Jawa Tengah,"divine radiance, natural abundance, resilience, visible grace","Traditionally, the Srikaton motif symbolizes divine radiance, natural abundance, and resilient grace.","In Javanese tradition, the Srikaton motif represents visible grace, the flourishing of nature, and the strength to overcome adversity.","The philosophical meaning of the Srikaton motif reflects divine radiance, natural abundance, and resilience."
16,Tribusono,Solo / Surakarta,"regeneration, harmony, cultural continuity, ecological awareness","Traditionally, the Tribusono motif symbolizes regeneration, harmony, and the continuity of cultural values.","In Surakarta batik tradition, the Tribusono motif represents the balance of physical, social, and spiritual dimensions of life.","The philosophical meaning of the Tribusono motif reflects regeneration, cultural harmony, and ecological awareness."
17,Tujuh Rupa,Pekalongan,"eloquence, adaptability, cultural openness, peaceful diversity","Traditionally, the Tujuh Rupa motif symbolizes eloquence, adaptability, and peaceful cultural diversity.","In Pekalongan's coastal tradition, the Tujuh Rupa motif represents openness to the world, graceful adaptability, and harmony across cultures.","The philosophical meaning of the Tujuh Rupa motif reflects eloquence, adaptability, and the richness of peaceful cultural exchange."
18,Truntum,Solo / Surakarta,"sincere love, devotion, renewal of affection, patience","Traditionally, the Truntum motif symbolizes sincere love, quiet devotion, and the renewal of affection.","In Surakarta royal tradition, the Truntum motif represents unconditional love, the rekindling of affection, and parental guidance.","The philosophical meaning of the Truntum motif reflects sincere love, quiet devotion, and renewal of affection through patience."
19,Wahyu Tumurun,Yogyakarta / Solo,"divine grace, spiritual guidance, noble aspiration, heavenly blessing","Traditionally, the Wahyu Tumurun motif symbolizes divine grace, spiritual guidance, and noble aspiration.","In Javanese royal tradition, the Wahyu Tumurun motif represents the descent of divine favour, noble ambition, and spiritual guidance.","The philosophical meaning of the Wahyu Tumurun motif reflects divine grace, spiritual guidance, and noble aspiration."
20,Wirasat,Jawa Tengah,"fulfilment of wishes, elevated standing, sufficiency, parental blessing","Traditionally, the Wirasat motif symbolizes the fulfilment of wholesome wishes, elevated standing, and life's sufficiency.","In Javanese tradition, the Wirasat motif represents the parental blessing for a new household — prosperity, dignity, and answered prayers.","The philosophical meaning of the Wirasat motif reflects the fulfilment of wishes, elevated standing, and life's sufficiency."
